date,volumeUSD,feesUSD,tvlUSD
2022-12-19,5360608.855264413,2680.3044276322066,2942207.8802897586
2022-12-20,7343742.607698657,3671.8713038493283,3632216.3185308673
2022-12-21,5462746.82081901,2731.3734104095047,3749383.6805305383
2022-12-22,6180687.56987197,3090.3437849359852,3593385.162894862
2022-12-23,3038530.5995356203,1519.2652997678101,3745584.3301815535
2022-12-24,705994.5234115721,352.99726170578606,3938871.8743278747
2022-12-25,1413283.3994787266,706.6416997393633,3804652.486982677
2022-12-26,2973353.840121666,1486.676920060833,3815160.8156109806
2022-12-27,13020199.541759197,6510.099770879598,3767903.491444386
2022-12-28,2890140.612724389,1445.0703063621945,3761894.4483840778
2022-12-29,2712437.8903162642,1356.218945158132,3815324.7622752837
2022-12-30,3347203.3439413006,1673.6016719706502,3805953.7677940046
2022-12-31,1820776.0985239304,910.3880492619652,3781749.2066512243
2023-01-01,3093207.6935719107,1546.6038467859553,3992715.161091669
2023-01-02,7701944.135094563,3850.9720675472813,4068666.429415738
2023-01-03,2050127.3649476117,1025.0636824738058,4314225.793163719
2023-01-04,7491031.96514308,3745.5159825715396,4080777.4930200684
2023-01-05,2611338.5790237547,1305.6692895118774,3980980.7600919614
2023-01-06,4340562.029117307,2170.281014558653,4235469.89984398
2023-01-07,1464580.0694990677,732.2900347495338,3970696.3478390737
2023-01-08,1076970.6397831775,538.4853198915888,3856307.961117428
2023-01-09,7272805.722993386,3636.402861496693,4052220.2742455495
2023-01-10,3764253.604685621,1882.1268023428104,4061856.92206586
2023-01-11,9926747.048709448,4963.373524354724,4157550.30542824
2023-01-12,9399267.586276485,4699.633793138242,3986265.56945418
2023-01-13,2392997.4320693742,1196.498716034687,3282455.8933362253
2023-01-14,5664944.225187266,2832.472112593633,2878869.3648589295
2023-01-15,1577516.2907685724,788.7581453842862,2855074.838905788
2023-01-16,3572734.892685526,1786.367446342763,2586787.2597313924
2023-01-17,2173602.8345069825,1086.8014172534913,2993087.6397166816
2023-01-18,4348617.616275127,2174.3088081375636,2930844.1380059645
2023-01-19,4900627.565864742,2450.313782932371,2926612.933443251
2023-01-20,5525644.215646139,2762.8221078230695,2386128.0041211103
2023-01-21,4963570.1609488465,2481.785080474423,3257031.3950603805
2023-01-22,3707090.720360173,1853.5453601800864,3286748.688794787
2023-01-23,3690160.9315386186,1845.0804657693093,3365485.7181387646
2023-01-24,29847349.789956253,14923.674894978127,2523692.0161795863
2023-01-25,3626491.501340944,1813.2457506704718,2515465.878545083
2023-01-26,1795823.234754989,897.9116173774945,2513979.812552601
2023-01-27,4111857.795128158,2055.928897564079,2520399.2965145917
2023-01-28,685664.2844346248,342.8321422173124,2526393.3929182137
2023-01-29,3032366.527270213,1516.1832636351062,2549938.979780546
2023-01-30,2958647.9151798584,1479.3239575899293,2500649.79302611
2023-01-31,1451497.7580380212,725.7488790190106,2503151.536665658
2023-02-01,2806951.007117747,1403.4755035588735,2496452.7718422483
2023-02-02,1431349.8335182087,715.6749167591043,2498151.171695159
2023-02-03,679527.5013901598,339.7637506950799,2195511.3050382473
2023-02-04,2907298.565304535,1453.6492826522674,2190122.979179014
2023-02-05,1173027.6380183552,586.5138190091776,1982728.0031670793
2023-02-06,817616.2485355384,408.8081242677692,1978369.831851298
2023-02-07,1849386.6112954793,924.6933056477396,1886608.9006209066
2023-02-08,873405.9487483102,436.7029743741551,1863850.9006095158
2023-02-09,1706923.4463612367,853.4617231806184,1844932.634931975
2023-02-10,1283879.2441355383,641.9396220677692,1817791.837480763
2023-02-11,678187.6565953874,339.09382829769373,1837207.215546282
2023-02-12,831409.0445977625,415.7045222988813,1836505.751219931
2023-02-13,1459964.5296279206,729.9822648139603,1839686.616508934
2023-02-14,1478325.3838133255,739.1626919066628,1848993.6666501197
2023-02-15,1863251.5163308687,931.6257581654344,1923251.551314023
2023-02-16,963163.4536983146,481.58172684915735,1873745.421405867
2023-02-17,844619.6389650728,422.3098194825364,1862870.4284177043
2023-02-18,149937.51123655107,74.96875561827552,1861367.0298146296
2023-02-19,760426.6013943988,380.21330069719943,1857128.138954809
2023-02-20,733302.1045602387,366.6510522801193,1866988.381646692
2023-02-21,1450958.809900729,725.4794049503645,1834609.5773400024
2023-02-22,1539910.6467978447,769.9553233989224,1833043.1726070715
2023-02-23,1226498.7804048685,613.2493902024344,1826766.5195965418
2023-02-24,847743.1266868403,423.8715633434202,1713090.0811229385
2023-02-25,792539.1344943182,396.2695672471591,1714175.0456689782
2023-02-26,498379.39028679556,249.18969514339778,1724456.6710276399
2023-02-27,618308.5180245066,309.1542590122533,1725560.1351461143
2023-02-28,165099.15674338312,82.54957837169157,1719668.9827543998
2023-03-01,1178005.2074334985,589.0026037167493,1731651.3752150862
2023-03-02,1547046.0537898147,773.5230268949073,1729310.086569749
2023-03-03,1264098.807085845,632.0494035429225,1702516.7641082287
2023-03-04,133337.5765958376,66.66878829791881,1702164.9375576803
2023-03-05,235821.22074178318,117.91061037089159,1707194.10169543
2023-03-06,927554.6672523223,463.7773336261612,1708946.3123884874
2023-03-07,453015.40473754785,226.50770236877392,1704546.5734427157
2023-03-08,347672.73047705524,173.8363652385276,1690645.7191872157
2023-03-09,3319862.694362565,1659.9313471812825,1644271.1777787618
2023-03-10,8018341.749513615,4009.1708747568073,1652692.148519735
2023-03-11,10555798.538803605,5277.8992694018025,1283835.0478748744
2023-03-12,5730370.577802837,2865.1852889014185,1334206.5018120727
2023-03-13,4198238.123030661,2099.11906151533,1413657.0280390633
2023-03-14,3780767.244075546,1890.383622037773,1389285.847305947
2023-03-15,2173943.371549501,1086.9716857747505,1335236.1653672713
2023-03-16,1621355.5573963705,810.6777786981852,1369368.5945349184
2023-03-17,1742051.511577931,871.0257557889655,1418971.5017190054
2023-03-18,1177972.1687797352,588.9860843898676,1382926.4824009815
2023-03-19,1325727.4313186815,662.8637156593406,1420653.2260047572
2023-03-20,2116067.73770017,1058.033868850085,1572743.5837253279
2023-03-21,2429620.276258881,1214.8101381294405,1556165.698828062
2023-03-22,3891553.5289465766,1945.7767644732883,1706972.9083452984
2023-03-23,3599964.087611414,1799.982043805707,1732356.3901805535
2023-03-24,1897295.1321914243,948.6475660957121,1722085.5059961393
2023-03-25,1064808.0844016557,532.4040422008278,1732995.2046741708
2023-03-26,1107391.4731889789,553.6957365944894,1739550.401340454
2023-03-27,2483964.0355059463,1241.982017752973,1744731.8683612891
2023-03-28,1635783.7909909491,817.8918954954746,1762227.5034824114
2023-03-29,2997135.352005121,1498.5676760025603,1780655.0197337624
2023-03-30,2426141.038743303,1213.0705193716517,1809862.8567917382
2023-03-31,4593482.505904994,2296.741252952497,1824922.3957152306
2023-04-01,1585708.1555300409,792.8540777650205,1828326.7956128297
2023-04-02,646775.113438412,323.387556719206,1818766.7856482505
2023-04-03,1498360.4324648823,749.1802162324411,1816536.2828942204
2023-04-04,1054024.2691547736,527.0121345773869,1696987.8063881758
2023-04-05,1009840.4874438642,504.92024372193214,1702253.7250635468
2023-04-06,762094.7911745143,381.0473955872572,1696146.2486945468
2023-04-07,393925.3287805109,196.96266439025547,1696612.400415379
2023-04-08,400672.76623344276,200.33638311672138,1766287.485586301
2023-04-09,863034.2924074634,431.51714620373167,1778124.171451531
2023-04-10,748433.0948225035,374.2165474112518,1759928.9040448174
2023-04-11,1347882.2712261316,673.9411356130659,1818493.2860228745
2023-04-12,1395725.7090051745,697.8628545025872,1816482.7318028477
2023-04-13,1361742.4525054495,680.8712262527248,1879868.3276205517
2023-04-14,2917369.4677363005,1458.6847338681503,12165190.164118573
2023-04-15,878992.8877380996,439.49644386904976,1911362.7364835218
2023-04-16,8507504.419573644,4253.752209786822,22499852.882484812
2023-04-17,2258719.9366266606,1129.3599683133305,21924760.294367246
2023-04-18,9443639.571031349,4721.819785515675,22538817.270811528
2023-04-19,7330511.979143857,3665.2559895719282,21260621.70085787
2023-04-20,2317299.995165372,1158.649997582686,20965563.61751513
2023-04-21,1594229.5849770706,797.1147924885353,20258839.842465177
2023-04-22,2406405.489060852,1203.2027445304261,20533754.133672383
2023-04-23,441057.74192203156,220.52887096101577,20455138.841659617
2023-04-24,1676391.844810349,838.1959224051744,1721668.655584671
2023-04-25,1364388.8834540804,682.1944417270403,1750770.879757253
2023-04-26,5211145.343398671,2605.5726716993354,1756303.393141603
2023-04-27,6127895.1276268,3063.9475638134,1809264.8503467876
2023-04-28,3062310.5962020922,1531.1552981010461,1955467.6088138092
2023-04-29,283875.8608854796,141.93793044273983,1998949.609384573
2023-04-30,1203426.2554283699,601.7131277141849,2000713.2061193995
2023-05-01,4120496.534224149,2060.2482671120742,1974235.782431706
2023-05-02,2747632.185898555,1373.8160929492776,2001440.6423225035
2023-05-03,1558205.4413474128,779.1027206737064,2015062.4148904434
2023-05-04,1099780.1825440917,549.8900912720459,2001623.7862402312
2023-05-05,1518835.2198451387,759.4176099225693,2020041.4266081823
2023-05-06,1903656.2191499115,951.8281095749559,1994672.3442192157
2023-05-07,1748412.5612666432,874.2062806333216,2107903.079465911
2023-05-08,2414257.218936259,1207.1286094681295,2071964.911069073
2023-05-09,234210.4229454841,117.10521147274206,2070919.2865379597
2023-05-10,3887738.146085259,1943.8690730426297,22275726.681580774
2023-05-11,802707.1955556365,401.35359777781827,2105177.842999531
2023-05-12,1321612.3450706832,660.8061725353416,2092213.972696763
2023-05-13,519041.2116011277,259.5206058005638,2094107.1166798193
2023-05-14,261309.4775673925,130.65473878369625,2098221.331386096
2023-05-15,375729.59617327474,187.86479808663736,2122977.04787761
2023-05-16,149249.88166791276,74.62494083395637,2131489.4429507563
2023-05-17,925720.6510905932,462.8603255452966,2142582.8785661403
2023-05-18,364183.74635905493,182.09187317952745,2037169.7524735956
2023-05-19,428948.8852507958,214.47444262539793,2039207.8899165967
2023-05-20,87237.73433251143,43.61886716625571,1908258.1821335396
2023-05-21,119409.4470058738,59.7047235029369,1900947.7944369132
2023-05-22,229855.01519159667,114.92750759579833,1907192.5347572842
2023-05-23,266220.66759250464,133.11033379625232,1920377.3629417785
2023-05-24,1118320.3716191307,559.1601858095653,1885334.7684432282
2023-05-25,311756.45656944625,155.87822828472312,1890940.3704425578
2023-05-26,408189.46175576845,204.09473087788422,1902700.1485514613
2023-05-27,427169.72624720883,213.5848631236044,1898377.9342204758
2023-05-28,686935.5642576609,343.46778212883044,1956287.8501452168
2023-05-29,1076843.3529859213,538.4216764929607,1943526.0190309538
2023-05-30,270256.4085141814,135.12820425709072,1945873.2538290608
2023-05-31,421868.89997355756,210.9344499867788,1918571.5277410997
2023-06-01,497566.45478835475,248.78322739417737,1910226.015098165
2023-06-02,368037.0669834938,184.0185334917469,1865328.1856217042
2023-06-03,213586.4195381352,106.7932097690676,1855448.4217533444
2023-06-04,619851.8062680569,309.92590313402843,1860117.8414388327
2023-06-05,1150121.2250452254,575.0606125226126,1808762.0883669488
2023-06-06,1592902.4876489649,796.4512438244825,1856801.4179188735
2023-06-07,941645.6701893001,470.8228350946501,1826422.2392576777
2023-06-08,182762.65569749707,91.38132784874853,1833598.2152856668
2023-06-09,200546.83704522077,100.27341852261038,1828129.1349973744
2023-06-10,1329965.18151183,664.982590755915,1802988.6591472076
2023-06-11,512255.8429275023,256.12792146375114,1801399.658768856
2023-06-12,393033.55272417254,196.51677636208626,1805337.8050161218
2023-06-13,501473.5141741851,250.73675708709257,1805706.718402019
2023-06-14,444519.3494474874,222.2596747237437,1765035.1714762852
2023-06-15,718385.6477714212,359.1928238857106,1789302.46998128
2023-06-16,1062906.2581065746,531.4531290532874,1825407.042896607
2023-06-17,2406125.026453189,1203.0625132265945,1831575.5903916028
2023-06-18,126978.85771465195,63.489428857325976,1824930.256448343
2023-06-19,995694.9075580293,497.84745377901464,1838038.0994650968
2023-06-20,2876961.5393675724,1438.480769683786,1875106.7355087162
2023-06-21,10364570.882229706,5182.285441114853,1858265.8189328876
2023-06-22,4281696.770752655,2140.8483853763278,1859296.1358769052
2023-06-23,3837138.6405614954,1918.5693202807477,1869167.68857771
2023-06-24,2253853.9897766006,1126.9269948883002,1891534.0549461637
2023-06-25,1138778.6072869592,569.3893036434796,1895958.0083658083
2023-06-26,3066908.9330066517,1533.4544665033259,1886418.0130263395
2023-06-27,2109076.9574563215,1054.5384787281607,1900429.9331861788
2023-06-28,2704595.0724474173,1352.2975362237087,1887446.452363642
2023-06-29,2905890.1510697487,1452.9450755348744,1898701.5901310944
2023-06-30,3778996.2734750514,1889.4981367375258,1891283.0839235475
2023-07-01,2504159.570203842,1252.079785101921,1891596.4233013357
2023-07-02,1017998.0948628555,508.99904743142775,1951065.4293903776
2023-07-03,833828.0454410788,416.91402272053944,1949507.4636006593
2023-07-04,1140185.3216988589,570.0926608494295,1943550.9431445752
2023-07-05,1416958.586453814,708.4792932269071,1936435.3917478435
2023-07-06,3523429.353972596,1761.714676986298,1927407.9093717027
2023-07-07,2924735.6083762594,1462.3678041881299,1936875.2640686028
2023-07-08,1388210.5164794556,694.1052582397278,1987035.575737004
2023-07-09,1210636.3455095477,605.3181727547739,1985392.447599254
2023-07-10,3027749.1450650226,1513.8745725325114,1941963.490887659
2023-07-11,2073476.411940538,1036.738205970269,1949951.056531616
2023-07-12,1341672.715511047,670.8363577555236,1978396.8398328186
2023-07-13,5463488.218281266,2731.744109140633,2598496.1182842394
2023-07-14,9165345.389995122,4582.672694997561,2837483.204280533
2023-07-15,2053765.8904986302,1026.882945249315,2804457.236787303
2023-07-16,5020416.991448727,2510.2084957243637,2796050.0467029912
2023-07-17,7003945.874291845,3501.9729371459225,2845262.5662158127
2023-07-18,2666587.068249286,1333.293534124643,2825679.459269329
2023-07-19,2377837.588065861,1188.9187940329305,2826473.0296008764
2023-07-20,2389152.9503451423,1194.576475172571,3141207.873701256
2023-07-21,1153672.046705508,576.836023352754,3139848.858230269
2023-07-22,4077438.5363771683,2038.7192681885842,3633360.246212714
2023-07-23,1619024.8635370785,809.5124317685393,3152344.7939048856
2023-07-24,2682835.724684905,1341.4178623424523,3098435.1961313887
2023-07-25,1911800.771850638,955.900385925319,3109770.739596137
2023-07-26,2762548.4910083916,1381.274245504196,3124498.3773319065
2023-07-27,1305775.3850069563,652.8876925034782,3112218.0103043485
2023-07-28,1277605.1622104098,638.8025811052049,3125436.563180516
2023-07-29,2740510.723904111,1370.2553619520556,3129642.8960043467
2023-07-30,675704.7421100576,337.8523710550288,3113147.3062331197
2023-07-31,3804031.4733744254,1902.0157366872127,3116852.690701287
2023-08-01,4547857.786063392,2273.9288930316957,3140726.083228036
2023-08-02,1925673.6177614315,962.8368088807157,3121681.058200174
2023-08-03,6606067.375789572,3303.0336878947855,3283537.279726437
2023-08-04,2357890.453849876,1178.945226924938,3270685.0725752595
2023-08-05,748125.7759665764,374.0628879832882,3278038.3375800666
2023-08-06,612911.0972763139,306.455548638157,3275523.418200779
2023-08-07,3302015.0058887103,1651.007502944355,3306648.033432172
2023-08-08,9456477.624633748,4728.238812316874,3265584.9850181374
2023-08-09,4718430.429005846,2359.215214502923,3248165.847997225
2023-08-10,2737670.3361826455,1368.8351680913227,3251911.3124464396
2023-08-11,930379.7394772368,465.18986973861837,3244932.5944917067
2023-08-12,279166.3773272857,139.58318866364286,3250068.1194588053
2023-08-13,679937.0720086615,339.96853600433076,3219721.7138493094
2023-08-14,2718771.1022119895,1359.3855511059946,3444863.8530504243
2023-08-15,2467738.4651346146,1233.8692325673073,3434466.2695350363
2023-08-16,2379026.7960196156,1189.5133980098078,3417368.8934693695
2023-08-17,4599970.84638558,2299.9854231927898,8558359.935623629
2023-08-18,6304053.250799126,3152.0266253995633,3188312.3594806124
2023-08-19,625558.6838757156,312.7793419378578,2976357.447911876
2023-08-20,683830.4728406204,341.9152364203102,2992553.561071687
2023-08-21,615833.2430312866,307.9166215156433,8216877.616517427
2023-08-22,1246189.836133978,623.094918066989,2970642.245944518
2023-08-23,1096191.7382267113,548.0958691133557,3014194.9980918327
2023-08-24,756822.7740661836,378.4113870330918,2979011.983658015
2023-08-25,1130392.6363996845,565.1963181998422,2973197.0208173734
2023-08-26,213772.2307146447,106.88611535732235,2838868.580773936
2023-08-27,288091.59151386877,144.04579575693438,2936439.276132199
2023-08-28,743965.5759192207,371.98278795961033,2925807.1626799013
2023-08-29,2141432.690169223,1070.7163450846115,3056926.4096846688
2023-08-30,924558.3050835743,462.27915254178714,3023904.4139916413
2023-08-31,1544248.4988725989,772.1242494362995,2930631.4109514854
2023-09-01,1412915.0245147652,706.4575122573826,2914727.8533983245
2023-09-02,342357.18414324784,171.1785920716239,2918499.662650304
2023-09-03,667671.4744246249,333.83573721231244,2927368.5430857837
2023-09-04,788476.5892116387,394.23829460581936,2553823.8453117185
2023-09-05,513889.6628328039,256.94483141640194,2555942.207711788
2023-09-06,1418102.8870909985,709.0514435454993,2523910.555873274
2023-09-07,2254307.0654664813,1127.1535327332406,2553263.1519568516
2023-09-08,2095147.246024609,1047.5736230123046,2537874.3146871803
2023-09-09,486679.9668109511,243.33998340547555,2537840.9241910316
2023-09-10,3108197.91296811,1554.098956484055,2539028.1883524447
2023-09-11,5140660.710878676,2570.330355439338,2435039.0128902006
2023-09-12,7644470.303841156,3822.235151920578,2488241.3489334136
2023-09-13,4004231.701499657,2002.1158507498283,2503369.3491732646
2023-09-14,1300951.951554194,650.475975777097,2521834.3215262685
2023-09-15,407359.7678780843,203.67988393904216,2531812.2549632136
2023-09-16,170219.63408155565,85.10981704077783,2521796.3392611607
2023-09-17,1165059.13126147,582.529565630735,2524649.0429534498
2023-09-18,3000099.473743107,1500.0497368715537,2427730.782897269
2023-09-19,3534216.4663845175,1767.108233192259,2421139.2254811437
2023-09-20,3657594.5779218143,1828.7972889609073,2476558.6087393477
2023-09-21,8212328.271132616,4106.164135566309,2560480.45091978
2023-09-22,2195565.7188132564,1097.7828594066282,2562576.1620881883
2023-09-23,1617361.6341575698,808.6808170787849,2562168.8772946517
2023-09-24,1916198.9244417313,958.0994622208657,2332269.0786286765
2023-09-25,2232832.6935751536,1116.416346787577,2604380.1387346517
2023-09-26,2373090.656111566,1186.5453280557829,2604362.4894867926
2023-09-27,4028559.8111502393,2014.2799055751195,2622486.7462529247
2023-09-28,5799447.728336605,2899.7238641683025,2648789.9514529067
2023-09-29,5797525.243296083,2898.7626216480417,2913686.0261121853
2023-09-30,2589520.884418737,1294.7604422093684,2919880.834306064
2023-10-01,2477305.0968251405,1238.6525484125702,2960407.664949758
2023-10-02,12580640.051114509,6290.320025557254,2947479.556288735
2023-10-03,576059.6616792866,288.0298308396433,2461759.0266350787
2023-10-04,1407834.475037819,703.9172375189095,2545696.0580593385
2023-10-05,4373200.914959617,2186.6004574798085,2961519.0476524215
2023-10-06,3933459.0594529416,1966.729529726471,2489907.096576916
2023-10-07,482567.67782560893,241.28383891280447,2490603.46852633
2023-10-08,705087.3667259681,352.54368336298404,2567965.272531083
2023-10-09,2038004.6902746325,1019.0023451373163,2563764.122972755
2023-10-10,1771065.96208464,885.5329810423201,2560113.4404319962
2023-10-11,2811274.403580972,1405.637201790486,3155215.0886909785
2023-10-12,7204622.435914446,3602.311217957223,3152910.8316556374
2023-10-13,3879257.0577314654,1939.6285288657327,3221382.479337759
2023-10-14,2694918.984222784,1347.4594921113921,3228614.0464322926
2023-10-15,2736121.816589407,1368.0609082947035,3299965.843687383
2023-10-16,12913228.936308084,6456.614468154042,2956779.4358677883
2023-10-17,5465040.57800704,2732.52028900352,3088619.2840837077
2023-10-18,4342859.671837024,2171.4298359185123,3266232.610042405
2023-10-19,4034151.999222927,2017.0759996114634,3782276.13439849
2023-10-20,7307748.032777287,3653.8740163886437,3844241.464826872
2023-10-21,3535602.540905698,1767.801270452849,3413130.0976279606
2023-10-22,4131451.7420370644,2065.7258710185324,3198091.08415475
2023-10-23,16440612.264077688,8220.306132038844,3255388.137626314
2023-10-24,8778006.663988363,4389.003331994181,2678556.220421398
2023-10-25,11858858.13801762,5929.429069008811,3181260.5871353415
2023-10-26,12468672.127711793,6234.336063855896,3210648.867659164
2023-10-27,5668236.681667923,2834.1183408339616,3290649.958594357
2023-10-28,8141300.318358375,4070.6501591791875,3297211.6416898323
2023-10-29,9602802.276541794,4801.401138270897,3263237.9888678268
2023-10-30,47347240.306872316,23673.620153436157,7230817.231599198
2023-10-31,49765967.532134816,24882.98376606741,6961191.955257654
2023-11-01,46571755.90178347,23285.877950891732,6850725.883050955
2023-11-02,12258514.640231406,6129.257320115704,7072794.971611933
2023-11-03,19169114.43605322,9584.55721802661,7648026.143872078
2023-11-04,12682872.518138912,6341.436259069455,7896768.246241537
2023-11-05,43115642.924515694,21557.82146225785,4490618.250840965
2023-11-06,31003026.681305293,15501.513340652647,7007474.197334541
2023-11-07,42221276.356247276,21110.638178123638,6914559.089544757
2023-11-08,30687020.429118164,15343.510214559083,7247333.477620246
2023-11-09,65563696.21934743,32781.848109673716,7144853.580208323
2023-11-10,12033635.958575357,6016.817979287678,4934220.068703307
2023-11-11,26865028.420238215,13432.514210119107,8511042.608027468
2023-11-12,13781012.69438132,6890.506347190661,3872666.6433256967
2023-11-13,18896676.785588197,9448.3383927941,3914162.2681274638
2023-11-14,18069848.548521683,9034.924274260842,4370102.105482402
2023-11-15,25079784.1010578,12539.8920505289,6438197.383806672
2023-11-16,17077500.88399875,8538.750441999377,4033667.652827042
2023-11-17,10173086.571060125,5086.543285530062,3994945.501925556
2023-11-18,3698594.255526321,1849.2971277631605,4013264.04697986
2023-11-19,4445616.931207371,2222.8084656036854,3986297.5541423014
2023-11-20,6273318.301222846,3136.6591506114232,3985377.276712048
2023-11-21,5907208.01698121,2953.604008490605,3388593.479145831
2023-11-22,4211461.220195429,2105.730610097715,3822287.5625533634
2023-11-23,4293435.879064104,2146.717939532052,3962180.1732212123
2023-11-24,4977244.49974408,2488.6222498720404,3945442.2220925135
2023-11-25,6415415.439753725,3207.707719876863,3442302.5883361613
2023-11-26,2600099.5760361655,1300.0497880180826,3434355.3582185367
2023-11-27,6087696.011182532,3043.848005591266,4086059.8588936045
2023-11-28,3176599.2085895524,1588.2996042947764,3442185.980358644
2023-11-29,2534012.957332311,1267.0064786661558,3426502.7722127456
2023-11-30,1277719.4268381596,638.8597134190798,3343266.6282921084
2023-12-01,4247711.648342282,2123.8558241711407,4008198.6239175824
2023-12-02,11328215.08827437,5664.107544137186,3463175.1657750867
2023-12-03,3501381.9521457064,1750.6909760728533,3519944.513766685
2023-12-04,2132608.0673723947,1066.3040336861973,3447016.428881594
2023-12-05,14390129.038990686,7195.064519495342,5494976.048950309
2023-12-06,50007240.44293859,25003.620221469293,7329092.28835209
2023-12-07,27191382.592076533,13595.691296038267,5158680.855073268
2023-12-08,14902819.561619071,7451.409780809536,7404017.14989333
2023-12-09,11115385.31884538,5557.69265942269,5464573.895309318
2023-12-10,622227.1633997274,311.11358169986374,2772239.8699006615
2023-12-11,12762098.41638455,6381.049208192275,6636257.503063368
2023-12-12,6280954.361756617,3140.4771808783084,5539044.537546295
2023-12-13,22023615.631401885,11011.807815700944,5590712.937641375
2023-12-14,38716923.815450706,19358.461907725352,5523404.888356097
2023-12-15,18026630.47796062,9013.315238980309,2502877.9059394742
2023-12-16,263379.3290717421,131.68966453587106,2499948.6985367797
2023-12-17,234263.16469560517,117.13158234780258,2480190.5335162776
2023-12-18,677647.4586817052,338.82372934085254,2526156.79648078
2023-12-19,1433419.719283346,716.709859641673,2526204.585461203
2023-12-20,4377436.151479649,2188.7180757398246,5166421.484220304
2023-12-21,2823928.751924328,1411.964375962164,2584124.5327445725
2023-12-22,13707739.332148636,6853.869666074318,2690396.2438600482
2023-12-23,785930.315874269,392.9651579371345,2553357.968121498
2023-12-24,2368109.6746834563,1184.0548373417282,2512965.8925630325
2023-12-25,1534958.892751887,767.4794463759434,2525323.2876539696
2023-12-26,1453347.402160815,726.6737010804076,2491350.2714518057
2023-12-27,3190907.900811462,1595.4539504057311,3842151.278716714
2023-12-28,28478984.941175666,14239.492470587833,5342953.842963281
2023-12-29,16385649.602246575,8192.824801123288,3055306.98298803
2023-12-30,6119579.673844439,3059.7898369222194,3089314.237804921
2023-12-31,1337885.7781927828,668.9428890963915,2500516.6761069573
2024-01-01,2157605.062816205,1078.8025314081024,2552965.8540154644
2024-01-02,2452364.424493042,1226.182212246521,2637567.2588725067
2024-01-03,7298991.514747958,3649.4957573739784,2984675.4935963107
2024-01-04,3955827.7898939173,1977.9138949469586,2640004.934005099
2024-01-05,3302809.2650041254,1651.4046325020627,2965431.2867137617
2024-01-06,1707295.1983445997,853.6475991722998,2963848.5288828956
2024-01-07,6207708.337247959,3103.85416862398,2968923.046480356
2024-01-08,8459864.557799809,4229.932278899904,3158456.372091532
2024-01-09,59156762.175468415,29578.381087734208,6508769.365376461
2024-01-10,47881119.245496914,23940.559622748457,5580512.65032015
2024-01-11,82272248.54649004,41136.12427324503,10470468.655470584
2024-01-12,115986054.14152,57993.02707076,8495220.819946744
2024-01-13,16749588.121830711,8374.794060915356,8642071.774710001
2024-01-14,51360480.8399557,25680.240419977854,8736850.423070487
2024-01-15,25698385.309629243,12849.192654814622,9236409.219108412
2024-01-16,27415259.646219984,13707.629823109992,6875439.997274232
2024-01-17,11703305.738224199,5851.6528691121,6413388.688357753
2024-01-18,16964686.83778151,8482.343418890756,6969339.51274717
2024-01-19,32215462.68074861,16107.731340374306,7588729.771779782
2024-01-20,4149915.22979162,2074.95761489581,7585765.040660428
2024-01-21,13782856.874510536,6891.428437255267,7121887.941186936
2024-01-22,79252219.51174946,39626.109755874735,6892354.8905834565
2024-01-23,31958290.7964925,15979.14539824625,7213149.243810191
2024-01-24,18292838.958299637,9146.419479149818,5312733.206021637
2024-01-25,10314315.452187566,5157.157726093783,5737157.8449268
2024-01-26,18631254.659252536,9315.627329626268,7011774.9980977485
2024-01-27,5948719.334815648,2974.3596674078244,7704374.40032092
2024-01-28,10251312.33761194,5125.65616880597,5783089.678057142
2024-01-29,15272521.665047608,7636.260832523804,5522538.464299122
2024-01-30,15143137.022990381,7571.568511495191,5800495.467952546
2024-01-31,14093736.435417103,7046.868217708551,5778387.559107556
2024-02-01,8302803.068995733,4151.401534497866,5819265.852406174
2024-02-02,10596726.084327055,5298.363042163527,5866985.184156995
2024-02-03,1813862.1103830936,906.9310551915468,5901065.401060781
2024-02-04,2931102.399886044,1465.551199943022,5843239.97934627
2024-02-05,8506869.679299619,4253.43483964981,5983714.654737201
2024-02-06,6273917.177816557,3136.9585889082787,6027336.059024755
2024-02-07,8539942.013613714,4269.971006806857,6059625.441243573
2024-02-08,803357.2877430631,401.67864387153156,6136710.261184415
2024-02-09,27381757.009642895,13690.878504821449,8190616.175539748
2024-02-10,19292634.20088023,9646.317100440114,8178137.959264226
2024-02-11,9269751.70883366,4634.87585441683,5933485.816196793
2024-02-12,8058382.344327336,4029.191172163668,7846766.598875295
2024-02-13,15381343.934743557,7690.671967371778,5801473.610373515
2024-02-14,12374346.814156957,6187.173407078479,5947768.952880956
2024-02-15,36262758.1099972,18131.379054998597,9038839.148018181
2024-02-16,30389149.103295527,15194.574551647764,9114502.367936727
2024-02-17,6604793.426357172,3302.396713178586,6107795.95777858
2024-02-18,8876374.673782265,4438.187336891132,8643831.669007348
2024-02-19,7666287.006461606,3833.143503230803,9244916.980777465
2024-02-20,6341821.811760087,3170.910905880043,6125824.461477911
2024-02-21,4602261.336568638,2301.1306682843187,6233650.585782944
2024-02-22,3845120.1861600433,1922.5600930800215,6202310.217114074
2024-02-23,2652526.5205064774,1326.2632602532387,6164823.698808649
2024-02-24,4161051.3629322853,2080.5256814661425,6209889.599877321
2024-02-25,3216037.02458431,1608.018512292155,6225970.2761023985
2024-02-26,5208254.257438983,2604.127128719492,6341655.98849826
2024-02-27,14401583.859696817,7200.7919298484085,7585591.625798462
2024-02-28,14501423.766677022,7250.71188333851,6327170.545430978
2024-02-29,14260152.668254564,7130.076334127282,6261669.736334702
2024-03-01,4510665.355230165,2255.3326776150825,4466395.2587613715
2024-03-02,2158686.79784495,1079.343398922475,6308047.37261019
2024-03-03,1816624.5468267156,908.3122734133577,6368034.440497446
2024-03-04,35007911.68704771,17503.955843523858,11096746.956509948
2024-03-05,81071702.31685874,40535.851158429374,9715120.192260128
2024-03-06,77929376.87551641,38964.68843775821,12265618.594125068
2024-03-07,46588873.3165316,23294.4366582658,10387923.879651938
2024-03-08,8140629.000660651,4070.3145003303257,5657688.837772075
2024-03-09,8729696.999858085,4364.848499929043,5543369.3990646815
2024-03-10,5735734.599277761,2867.8672996388805,6778230.617234062
2024-03-11,53811272.07747023,26905.636038735112,7750784.594239423
2024-03-12,37190294.24329678,18595.147121648388,8182858.636127714
2024-03-13,9159264.45901477,4579.632229507385,5421369.586198705
2024-03-14,15047346.380033558,7523.67319001678,5257137.579663893
2024-03-15,31429491.285500806,15714.745642750404,8016613.567915794
2024-03-16,4213137.415323364,2106.568707661682,5036162.378087359
2024-03-17,4955374.570731124,2477.687285365562,5168135.979369231
2024-03-18,3671152.838146817,1835.5764190734085,5131302.938289974
2024-03-19,3638094.051212572,1819.0470256062858,4826554.167146977
2024-03-20,4892141.235316355,2446.070617658177,5145642.223971305
2024-03-21,3775749.870689288,1887.874935344644,5073366.876060472
2024-03-22,2960752.7813711413,1480.3763906855706,4979867.073097336
2024-03-23,3476669.942156544,1738.334971078272,5612287.121684943
2024-03-24,2955644.6209889934,1477.8223104944966,5980465.473779324
2024-03-25,12572079.49901523,6286.039749507616,6138347.08964224
2024-03-26,11169258.582745384,5584.629291372692,6165416.210815707
2024-03-27,7815980.68918648,3907.99034459324,6099951.524854631
2024-03-28,9062752.336443486,4531.376168221743,6303533.544796082
2024-03-29,8306694.096886697,4153.347048443349,6181196.455240556
2024-03-30,12873143.965241672,6436.571982620836,7382059.1651024865
2024-03-31,7414949.644558033,3707.4748222790167,5550182.006108388
2024-04-01,9204706.69738217,4602.353348691086,5530525.192351269
2024-04-02,6793335.465360281,3396.6677326801405,5305452.590052859
2024-04-03,3364492.3101687045,1682.246155084352,5400718.300272559
2024-04-04,3825275.857570371,1912.6379287851855,5576725.47548818
2024-04-05,5578808.872413355,2789.4044362066775,5565376.755094033
2024-04-06,1491806.6130462398,745.9033065231199,5641815.680495297
2024-04-07,6067477.089226273,3033.7385446131366,5670341.948054369
2024-04-08,12985447.105948579,6492.723552974288,5896064.581002865
2024-04-09,7707560.067298469,3853.7800336492346,5742957.763025371
2024-04-10,5615117.120220704,2807.558560110352,5673043.367324859
2024-04-11,10558733.60647719,5279.366803238596,5853710.150129671
2024-04-12,8724236.266860645,4362.118133430323,5438661.859587032
2024-04-13,11735332.338852612,5867.666169426306,5312695.248561126
2024-04-14,4215271.245529497,2107.6356227647484,4969692.352638602
2024-04-15,4453248.597071125,2226.6242985355625,4771177.9987930795
2024-04-16,2623866.303533331,1311.9331517666656,4917791.179181872
2024-04-17,1975334.376908681,987.6671884543404,4794627.5505828
2024-04-18,2450255.26473281,1225.127632366405,4967369.283998683
2024-04-19,4893866.45917882,2446.93322958941,5084643.369830322
2024-04-20,2076420.795892947,1038.2103979464734,5139211.164288329
2024-04-21,2645417.7421440356,1322.708871072018,5147659.109482481
2024-04-22,1403169.2524771695,701.5846262385847,5247210.206060007
2024-04-23,1616381.442484316,808.190721242158,5188901.186256981
2024-04-24,1601480.338382828,800.740169191414,4422490.180922116
2024-04-25,1730515.999167847,865.2579995839235,4453684.162505691
2024-04-26,1872011.2212096443,936.0056106048222,4414461.863086258
2024-04-27,2281476.252564729,1140.7381262823646,4396511.190595269
2024-04-28,1081784.151603116,540.8920758015579,4308601.393489321
2024-04-29,1111103.344543848,555.551672271924,4357108.784235175
2024-04-30,2374429.670340263,1187.2148351701314,4206928.381434244
2024-05-01,1249245.9492768086,624.6229746384043,5924903.13708508
2024-05-02,258772.67900572746,129.38633950286373,5990467.078540343
2024-05-03,285089.3634518301,142.54468172591504,3882836.2798400903
2024-05-04,13797541.101048935,6898.770550524468,10620459.598829458
2024-05-05,16165456.885309389,8082.728442654695,10637778.415344091
2024-05-06,4051519.724897032,2025.759862448516,3927615.713782212
2024-05-07,606346.9277062443,303.17346385312214,3890018.125707455
2024-05-08,543998.9759622547,271.99948798112734,3858233.049167798
2024-05-09,320166.8030144133,160.08340150720664,3910722.367888475
2024-05-10,320710.1250988594,160.3550625494297,3812136.9062675214
2024-05-11,7005.948940311974,3.502974470155987,3823304.1818475486
2024-05-12,9551.805386127384,4.775902693063692,3830819.2295968146
2024-05-13,456118.4905479912,228.0592452739956,8793882.77736562
2024-05-14,283281.9718196134,141.64098590980672,8741802.280471629
2024-05-15,1419767.2485111,709.88362425555,3980320.5800607232
2024-05-16,1325965.7079520642,662.9828539760322,3934512.66354509
2024-05-17,501515.55340513506,250.75777670256753,3997122.812046844
2024-05-18,1042091.0083493632,521.0455041746816,4094041.1058194283
2024-05-19,1475572.84207151,737.786421035755,4066321.0534360227
2024-05-20,7861035.13284746,3930.51756642373,4053154.126864717
2024-05-21,6202270.920330881,3101.1354601654407,4168349.1595762465
2024-05-22,6410936.828557158,3205.468414278579,6146403.585104811
2024-05-23,3601005.5210067006,1800.5027605033504,6023110.369048923
2024-05-24,728987.3330748581,364.493666537429,6126252.345234733
2024-05-25,1881962.650648077,940.9813253240385,6078676.953429031
2024-05-26,6064655.234439604,3032.327617219802,6340379.859274818
2024-05-27,9520984.372639267,4760.492186319634,6427550.464497217
2024-05-28,1922067.1992797803,961.0335996398901,6055087.792425089
2024-05-29,352977.63882735535,176.48881941367767,5986393.453182553
2024-05-30,711879.2473665818,355.9396236832909,6035521.14796896
2024-05-31,472579.7680049294,236.2898840024647,5956554.988480461
2024-06-01,91790.47894617515,45.89523947308758,5997478.991002927
2024-06-02,135317.72283969304,67.65886141984652,5988297.7868793905
2024-06-03,3554899.087105075,1777.4495435525375,6095896.802548531
2024-06-04,6009484.493829576,3004.7422469147878,6214390.944902459
2024-06-05,8912743.831147814,4456.371915573907,6285550.715280785
2024-06-06,1909360.3090817789,954.6801545408894,6230645.940236757
2024-06-07,6958731.292286437,3479.3656461432183,4543140.730327439
2024-06-08,3479974.2524926467,1739.9871262463234,4542544.362989374
2024-06-09,1381202.8902257374,690.6014451128686,4673570.690944918
2024-06-10,2413187.079101393,1206.5935395506965,4659180.272875109
2024-06-11,4469228.968390661,2234.6144841953305,4574843.905654063
2024-06-12,4423150.477864457,2211.575238932229,4412194.124741349
2024-06-13,13555115.784936147,6777.557892468073,5337098.013672152
2024-06-14,9995396.089551229,4997.698044775614,5300831.526679087
2024-06-15,5159203.247663896,2579.6016238319476,5318961.631422243
2024-06-16,7781841.614857581,3890.9208074287903,5598596.7283177925
2024-06-17,14825316.331680872,7412.658165840436,5961217.169373644
2024-06-18,2971677.153829998,1485.838576914999,3813774.423817765
2024-06-19,418617.6233826289,209.30881169131445,3815615.892606025
2024-06-20,750844.9386292936,375.4224693146468,3808514.0411400422
2024-06-21,691052.344380587,345.5261721902935,3747567.439093301
2024-06-22,194990.4021541399,97.49520107706995,3759669.5822141212
2024-06-23,272434.2484676865,136.21712423384326,3720586.3472477584
2024-06-24,3515128.5369643965,1757.5642684821983,3626763.326985029
2024-06-25,616872.4120751683,308.43620603758416,3691699.2181757637
2024-06-26,552971.8264250944,276.4859132125472,3631605.739413472
2024-06-27,780718.376184938,390.359188092469,3658166.212606877
2024-06-28,479197.5041671257,239.59875208356286,3608240.0795782474
2024-06-29,813731.8442352882,406.8659221176441,3632972.785209936
2024-06-30,373048.6237451276,186.5243118725638,3708823.2090877793
2024-07-01,468690.7941025033,234.34539705125164,3707908.5210580914
2024-07-02,454934.2865123361,227.46714325616804,3742885.6378595564
2024-07-03,8189021.607559507,4094.5108037797536,4313782.212050007
2024-07-04,3818554.2297337926,1909.2771148668962,3712644.390928885
2024-07-05,3312401.466024738,1656.200733012369,3679966.603747808
2024-07-06,1417037.13794107,708.518568970535,3744416.7481345916
2024-07-07,1533329.9996221592,766.6649998110796,3659746.689073545
2024-07-08,2116134.4778218437,1058.067238910922,3694827.9291868377
2024-07-09,2336464.854023981,1168.2324270119905,4016156.917392038
2024-07-10,1577807.0969419158,788.903548470958,4004264.6168972403
2024-07-11,1820067.4834037006,910.0337417018503,3851367.037094989
2024-07-12,1682004.412349454,841.0022061747269,3881299.165784621
2024-07-13,1037247.7796225655,518.6238898112828,3942793.1164280144
2024-07-14,1859310.617008399,929.6553085041994,3976628.616022133
2024-07-15,1795496.3009596972,897.7481504798486,3843081.0975424047
2024-07-16,1079241.335769947,539.6206678849735,3843900.589878379
2024-07-17,568516.2553141223,284.25812765706115,3812954.131586837
2024-07-18,4111782.397866144,2055.8911989330722,11137108.892619416
2024-07-19,58969401.916658714,29484.70095832936,11957152.411865305
2024-07-20,14035346.04415745,7017.673022078725,11959767.066593533
2024-07-21,9865096.410822066,4932.5482054110325,4555834.6084591
2024-07-22,867034.9293121649,433.51746465608244,4516956.184195226
2024-07-23,932281.7188026271,466.14085940131355,3951250.05541405
2024-07-24,896462.9165380747,448.2314582690374,3938440.6707522515
2024-07-25,1269453.666636067,634.7268333180335,3951928.8471972956
2024-07-26,1120876.1598715873,560.4380799357936,4038632.9624147946
2024-07-27,1472225.2887323222,736.112644366161,6056080.88465613
2024-07-28,5037770.698592516,2518.8853492962576,6051581.454937734
2024-07-29,7814102.222002933,3907.0511110014663,6020668.091067035
2024-07-30,8604186.142875867,4302.093071437934,6072439.292499733
2024-07-31,12647653.411890708,6323.826705945354,6015883.671874709
2024-08-01,20748270.356060486,10374.135178030243,5971474.24903181
2024-08-02,29495374.86684939,14747.687433424695,5837104.744219861
2024-08-03,21229132.05342652,10614.566026713259,5930311.88348524
2024-08-04,6868436.366958854,3434.218183479427,5710931.551754779
2024-08-05,5166203.592347879,2583.10179617394,5245676.607201811
2024-08-06,2206652.5960264085,1103.3262980132042,5386722.480010274
2024-08-07,4559862.840194668,2279.9314200973336,5316499.972804545
2024-08-08,11513461.276400603,5756.730638200302,5826238.872538397
2024-08-09,17060549.667178646,8530.274833589323,7102581.396164828
2024-08-10,4729175.119627362,2364.587559813681,5759468.665866387
2024-08-11,10566493.349965448,5283.2466749827245,5653525.062432594
2024-08-12,6606539.807614632,3303.269903807316,5679260.255512887
2024-08-13,6205987.413204594,3102.9937066022967,5742379.561547197
2024-08-14,5655011.565042822,2827.5057825214108,5673547.540322424
2024-08-15,1531439.4402357326,765.7197201178664,5577278.6620044
2024-08-16,1319788.2785083035,659.8941392541517,5663097.328995615
2024-08-17,265019.74616396485,132.50987308198242,5695754.732524436
2024-08-18,3030146.9477855726,1515.0734738927863,5660361.642084078
2024-08-19,1005994.751825024,502.99737591251204,5713285.43314257
2024-08-20,6213381.562566717,3106.6907812833583,5816904.757176682
2024-08-21,2081145.9108362428,1040.5729554181214,4026916.6077365056
2024-08-22,710367.7252142981,355.183862607149,4003254.989219673
2024-08-23,2314530.6856996818,1157.2653428498409,4181478.2394492067
2024-08-24,1522480.7192932924,761.2403596466462,4329635.351678188
2024-08-25,904206.8691513172,452.1034345756586,4334013.207030297
2024-08-26,1792045.397782376,896.022698891188,4268657.911830698
2024-08-27,3563884.6348399566,1781.9423174199783,4048905.544379325
2024-08-28,2343368.230683054,1171.6841153415269,4200315.996863708
2024-08-29,1259190.9708793825,629.5954854396912,4210073.917351705
2024-08-30,2418763.8836469264,1209.3819418234632,4208768.077796984
2024-08-31,415266.05526482855,207.6330276324143,4207578.71850724
2024-09-01,2082176.780413609,1041.0883902068044,5025918.574514567
2024-09-02,1948142.072838385,974.0710364191924,5108259.759148792
2024-09-03,791154.9166682411,395.5774583341206,4032782.374223278
2024-09-04,1850687.902995586,925.3439514977929,4058235.6190193165
2024-09-05,852714.8280635936,426.3574140317968,3960275.5231496817
2024-09-06,7099203.712164284,3549.6018560821417,4245394.963892297
2024-09-07,1709692.885399601,854.8464426998005,4196851.453153636
2024-09-08,2191251.852993612,1095.6259264968062,4233367.300620439
2024-09-09,3348041.052865463,1674.0205264327315,4344881.651193535
2024-09-10,1058847.2777710813,529.4236388855406,3870340.8566075694
2024-09-11,970341.7728889843,485.17088644449217,3856222.585864546
2024-09-12,1003522.5752729585,501.76128763647927,3891073.789726403
2024-09-13,916896.5114253156,458.44825571265784,3986790.06654603
2024-09-14,458662.84898729576,229.33142449364786,3999145.086020174
2024-09-15,1188607.5172961296,594.3037586480648,3965723.3786990712
2024-09-16,1092019.0466503075,546.0095233251537,3925652.981976091
2024-09-17,988279.3672437463,494.13968362187313,4007610.516489708
2024-09-18,1124704.8176931536,562.3524088465769,3998727.2247307575
2024-09-19,980347.0299563055,490.17351497815275,4061468.9213111927
2024-09-20,2414780.9373164275,1207.3904686582139,4068497.488854752
2024-09-21,224911.2636680987,112.45563183404934,4081328.8792491267
2024-09-22,677798.9945243748,338.8994972621874,4087757.11546658
2024-09-23,556251.5624825816,278.1257812412908,4067116.5085141547
2024-09-24,921189.1743254024,460.5945871627012,4118154.1375516816
2024-09-25,830087.873430668,415.04393671533404,4066864.42359547
2024-09-26,778884.823026578,389.442411513289,4135186.4323096867
2024-09-27,343227.4463964331,171.61372319821655,4172644.673452239
2024-09-28,1876776.1262042369,938.3880631021185,4166022.367724885
2024-09-29,431840.4421294132,215.9202210647066,4169676.6218615137
2024-09-30,1193574.7013463574,596.7873506731787,4075558.487074005
2024-10-01,1078696.4191851767,539.3482095925883,3983111.242771521
2024-10-02,1758025.5981119266,879.0127990559633,3955814.97429524
2024-10-03,1799593.339294644,899.796669647322,3960796.309935649
2024-10-04,879002.7575648038,439.5013787824019,4004041.104255019
2024-10-05,606333.0368328466,303.1665184164233,4553190.950445718
2024-10-06,841823.4445305223,420.9117222652612,4582514.962098503
2024-10-07,2558239.247540525,1279.1196237702625,4577869.250790035
2024-10-08,3730881.887541423,1865.4409437707116,4556557.62718774
2024-10-09,1314266.3817044098,657.133190852205,3960205.836800961
2024-10-10,1380769.3872859874,690.3846936429936,3931790.5338408616
2024-10-11,465270.64801360806,232.635324006804,4038588.7803807156
2024-10-12,338626.2162247465,169.31310811237324,4064232.8427278493
2024-10-13,579327.1052425475,289.6635526212737,4046978.364573123
2024-10-14,1208702.4823066203,604.3512411533102,4172003.7089908053
2024-10-15,838582.0812617749,419.29104063088744,4200302.608152527
2024-10-16,637560.0925307883,318.7800462653941,4232869.410362204
2024-10-17,382710.568372135,191.3552841860675,4215666.797143039
2024-10-18,610062.0561642306,305.0310280821153,4255839.310997658
2024-10-19,389111.02225111454,194.55551112555727,4253818.984209602
2024-10-20,568086.2132873707,284.04310664368535,4290334.475927952
2024-10-21,606346.0742403271,303.17303712016354,4207397.335467696
2024-10-22,382503.18627572426,191.25159313786213,4205096.109675853
2024-10-23,873032.6630174308,436.5163315087154,4169836.3819843116
2024-10-24,4688315.555926496,2344.157777963248,9688386.401563486
2024-10-25,48047676.62933135,24023.838314665674,9647653.74931144
2024-10-26,36071558.72402311,18035.779362011555,9690108.442995032
2024-10-27,3906360.969648503,1953.1804848242516,9896539.713937221
2024-10-28,5122371.048965827,2561.1855244829135,9987195.897971828
2024-10-29,10546875.292351749,5273.437646175874,7595799.597317421
2024-10-30,1016671.8255107594,508.3359127553797,7594525.8742740145
2024-10-31,1827054.961827249,913.5274809136246,4463118.006698472
2024-11-01,1390502.7816435427,695.2513908217713,4487349.381002921
2024-11-02,5086436.963454408,2543.2184817272037,7561100.766143364
2024-11-03,8698010.386124123,4349.005193062062,4596304.713721726
2024-11-04,1894193.8518384073,947.0969259192037,4502830.21395465
2024-11-05,3973578.884680781,1986.7894423403907,4526187.895926965
2024-11-06,5750690.768393301,2875.3453841966507,5561497.490109175
2024-11-07,321605.68212010444,160.8028410600522,5124237.392857045
2024-11-08,2656190.8641992672,1328.0954320996336,5524185.495562215
2024-11-09,1581484.5741797003,790.7422870898502,5094242.003482902
2024-11-10,66156953.77734347,33078.476888671736,14052425.875829907
2024-11-11,11073169.031683316,5536.584515841659,5158226.045906751
2024-11-12,7503346.986035345,3751.6734930176726,7220483.679508819
2024-11-13,25008795.333301395,12504.397666650697,14496667.949440356
2024-11-14,27485570.013358753,13742.785006679376,11109926.24449351
2024-11-15,80248994.43732926,40124.49721866463,11009692.61660331
2024-11-16,28944376.96774872,14472.188483874359,7647580.489566631
2024-11-17,6784789.165506087,3392.394582753044,7574258.302008556
2024-11-18,16998020.544330146,8499.010272165073,8429428.501853475
2024-11-19,38590608.92359365,19295.304461796823,8532103.902992353
2024-11-20,17361639.67575621,8680.819837878103,8365950.452359036
2024-11-21,6898809.9967786055,3449.404998389303,5520088.717969058
2024-11-22,744422.6366196054,372.2113183098027,5520025.9090585485
2024-11-23,487877.60514694493,243.93880257347246,5483058.960321038
2024-11-24,499394.67261122307,249.69733630561154,5508148.106167007
2024-11-25,63210074.97474841,31605.037487374204,10669589.6803365
2024-11-26,70758703.5246442,35379.3517623221,10632241.944314316
2024-11-27,81241637.48623796,40620.81874311898,10977909.103775091
2024-11-28,34534107.55792188,17267.05377896094,10973212.42612031
2024-11-29,23861352.007662322,11930.676003831162,11239926.663795661
2024-11-30,10695039.004106298,5347.519502053149,11222828.980865596
2024-12-01,14270083.460265888,7135.0417301329435,11279595.73666157
2024-12-02,33792690.445813,16896.3452229065,11108851.627613507
2024-12-03,12888160.87798968,6444.08043899484,5780935.568398036
2024-12-04,3243284.383534709,1621.6421917673545,19156477.119987804
2024-12-05,47464676.80812684,23732.33840406342,5709525.5396283055
2024-12-06,831529.8410334637,415.7649205167319,5823645.164235402
2024-12-07,390501.3746222439,195.25068731112196,5622852.679070141
2024-12-08,242955.05126209676,121.47752563104838,5668337.483970891
2024-12-09,1049693.639513713,524.8468197568565,5796026.904442151
2024-12-10,1156014.70784888,578.00735392444,5812999.287608038
2024-12-11,1286328.7070319483,643.1643535159741,5997157.974495344
2024-12-12,3512211.10839417,1756.105554197085,6443230.363795608
2024-12-13,1773311.2514449845,886.6556257224922,6488500.16217556
2024-12-14,3690218.889452095,1845.1094447260475,6490819.827141244
2024-12-15,6101100.017487934,3050.550008743967,6635962.07732569
2024-12-16,2985422.6778329574,1492.7113389164788,6116765.060140078
2024-12-17,784272.3215487751,392.1361607743876,6101812.705618068
2024-12-18,744834.9592332742,372.41747961663714,5941945.218307559
2024-12-19,1214326.4355508373,607.1632177754187,5779268.55696859
2024-12-20,1860664.6801062787,930.3323400531394,5768234.690232277
2024-12-21,524765.5975602136,262.38279878010684,5756013.5279630935
2024-12-22,1138303.6283453943,569.1518141726972,5680220.969911665
2024-12-23,13162845.195661996,6581.422597830998,6489107.539748973
2024-12-24,4656658.091365697,2328.3290456828486,5827101.806059074
2024-12-25,648763.0199156906,324.3815099578453,5845577.845426529
2024-12-26,821866.4792188976,410.93323960944883,5709177.348230605
2024-12-27,1152955.6367483537,576.4778183741769,5666359.187396031
2024-12-28,266329.79502008867,133.16489751004434,5701669.549282389
2024-12-29,474902.91587771504,237.45145793885752,5620469.458814146
2024-12-30,1955547.7317641573,977.7738658820786,5600438.569880728
2024-12-31,1155579.2117605163,577.7896058802581,5620528.453014932
2025-01-01,590152.4769370144,295.0762384685072,5671502.964268233
2025-01-02,3517609.0551168313,1758.8045275584157,8066172.959761007
2025-01-03,3343974.4159772634,1671.9872079886318,8164178.410745219
2025-01-04,2607625.35918058,1303.81267959029,8170802.916896522
2025-01-05,2499504.5346911126,1249.7522673455564,8164382.363848645
2025-01-06,9242283.96836933,4621.1419841846655,8366267.139403966
2025-01-07,12071727.05535559,6035.863527677795,8100680.893579192
2025-01-08,9803049.113533467,4901.524556766733,21260855.676199403
2025-01-09,37908692.24591114,18954.346122955572,21716300.63506051
2025-01-10,51503846.27098039,25751.923135490193,22705444.935087405
2025-01-11,10957591.736031221,5478.795868015611,22674072.39627848
2025-01-12,12087995.783749776,6043.9978918748875,22439400.324596975
2025-01-13,38125067.00199418,19062.53350099709,22134306.464571342
2025-01-14,36714816.66536215,18357.408332681076,22589506.32164628
2025-01-15,41481199.05468678,20740.59952734339,23184506.69327595
2025-01-16,30241869.930743713,15120.934965371856,23172302.425662663
2025-01-17,47567081.866428226,23783.54093321411,22988465.791112654
2025-01-18,32330856.433418106,16165.428216709053,23094309.897418465
2025-01-19,45799881.66204042,22899.940831020212,22596560.75877006
2025-01-20,124477476.40178195,62238.73820089098,22801901.619288106
2025-01-21,76814635.7270031,38407.31786350155,23348732.624531474
2025-01-22,37668349.78058337,18834.174890291684,23234511.884023268
2025-01-23,124138190.25145204,62069.09512572602,23385835.65589305
2025-01-24,29154968.624131925,14577.484312065963,23462640.22274177
2025-01-25,11159840.39233042,5579.92019616521,23616621.198631797
2025-01-26,17331259.694165688,8665.629847082844,23313827.09665152
2025-01-27,74859553.49865712,37429.77674932856,23238396.716277868
2025-01-28,38696418.75256226,19348.20937628113,23124292.867696356
2025-01-29,30213201.00212366,15106.600501061832,23534132.750024196
2025-01-30,35061264.0828817,17530.632041440847,23752954.328168523
2025-01-31,35885647.049330354,17942.82352466518,24247053.827072483
2025-02-01,29518371.90787346,14759.18595393673,24039521.559550796
2025-02-02,102167783.41860278,51083.891709301395,24571173.235062454
2025-02-03,165304317.38909233,82652.15869454617,23644271.681334224
2025-02-04,63625182.99535646,31812.59149767823,23248476.640348762
2025-02-05,32054945.76294736,16027.472881473679,22971140.3725711
2025-02-06,30511179.928825315,15255.589964412658,22829144.690178752
2025-02-07,61932409.171735846,30966.20458586792,22917276.10134512
2025-02-08,15734129.865309717,7867.064932654859,31448785.705888484
2025-02-09,25031430.386717934,12515.715193358967,34342411.53136921
2025-02-10,51852983.71755873,25926.49185877936,33483433.65546546
2025-02-11,28968842.154274065,14484.421077137033,33268568.738305602
2025-02-12,120981745.71295917,60490.87285647958,33804119.56435235
2025-02-13,77933575.3970834,38966.787698541695,33693822.07973582
2025-02-14,41836832.416807435,20918.416208403716,33861126.66168558
2025-02-15,7074330.689164164,3537.1653445820816,33999436.30417181
2025-02-16,12078844.10028032,6039.4220501401605,33621519.7466349
2025-02-17,25811856.333685968,12905.928166842983,33792246.07345365
2025-02-18,38490906.30141499,19245.453150707493,22953993.790818557
2025-02-19,14176690.939861063,7088.345469930531,23227123.94670249
2025-02-20,14217200.207280518,7108.600103640259,23563685.33554441
2025-02-21,26963725.407484457,13481.862703742228,23235613.584612403
2025-02-22,8243568.074977383,4121.784037488691,23518906.875083406
2025-02-23,18248059.38381038,9124.02969190519,23579766.793002047
2025-02-24,30916963.10660003,15458.481553300015,22098563.63755272
2025-02-25,83521829.57153167,41760.91478576583,32499287.84915902
2025-02-26,54475153.74458191,27237.576872290956,30922105.19886186
2025-02-27,35176289.537244804,17588.144768622402,31175526.801436543
2025-02-28,55044781.37079966,27522.39068539983,32404946.67239518
2025-03-01,8895448.201512454,4447.724100756227,6457076.236264819
2025-03-02,29625522.88094335,14812.761440471675,29685045.385964565
2025-03-03,56766953.15547559,28383.47657773779,6467334.521429593
2025-03-04,3779998.182571708,1889.9990912858543,6562096.904739886
2025-03-05,3457814.8446189472,1728.9074223094738,6734899.356426175
2025-03-06,13113251.774006331,6556.625887003166,6689791.505037902
2025-03-07,5678193.98781618,2839.09699390809,6867402.230996484
2025-03-08,1394598.9516827401,697.2994758413702,6909889.594107443
2025-03-09,9473560.130915273,4736.780065457637,7559738.2357455725
2025-03-10,21545455.02481961,10772.727512409805,7439796.6185805425
2025-03-11,16993210.637626875,8496.605318813437,7134732.909906816
2025-03-12,4990590.700328737,2495.2953501643683,7794574.276998291
2025-03-13,6615269.185579665,3307.6345927898324,12457049.444969982
2025-03-14,12769710.008980243,6384.855004490121,12127481.405629491
2025-03-15,5869429.611808491,2934.7148059042456,13311581.362066695
2025-03-16,16601395.543399055,8300.697771699528,13631359.726339806
2025-03-17,19420548.36993948,9710.27418496974,13469893.93872897
2025-03-18,14717078.308812482,7358.539154406241,13359070.64874762
2025-03-19,13835259.021526506,6917.629510763253,12417412.01338352
2025-03-20,9215046.014826747,4607.523007413373,12467622.488347309
2025-03-21,5528111.277919716,2764.0556389598582,12468520.490962286
2025-03-22,1376395.30367437,688.197651837185,12445686.357636696
2025-03-23,2842701.4939152035,1421.3507469576018,12596977.954487601
2025-03-24,12356271.678814,6178.135839406999,12672362.107460968
2025-03-25,14298098.59084253,7149.049295421265,12676323.990457311
2025-03-26,6708326.901999872,3354.163450999936,25668112.99554067
2025-03-27,6778520.921977824,3389.2604609889117,12832628.252286637
2025-03-28,11215144.739492442,5607.572369746221,12709439.127013458
2025-03-29,5807169.971821546,2903.584985910773,7783063.998185465
2025-03-30,1688095.0218921767,844.0475109460883,7763795.837405334
2025-03-31,3064246.2419473217,1532.123120973661,7662191.851543712
2025-04-01,3448744.3187306602,1724.37215936533,7776387.219891137
2025-04-02,5076825.086093104,2538.4125430465524,7638174.645397235
2025-04-03,5379004.626471271,2689.5023132356355,8536222.566981638
2025-04-04,8318868.0186900515,4159.4340093450255,8595588.551164068
2025-04-05,2791787.19452059,1395.8935972602949,9182850.671800457
2025-04-06,15364511.610363066,7682.255805181533,8812990.006466754
2025-04-07,69004117.81100024,34502.05890550012,9379169.181626415
2025-04-08,17183070.846460454,8591.535423230229,11022858.756273588
2025-04-09,47436988.11998767,23718.49405999383,17355065.84939731
2025-04-10,22220923.4459901,11110.461722995049,10039096.682003697
2025-04-11,97466086.14184724,48733.04307092362,22606824.76812626
2025-04-12,70094343.1085969,35047.17155429845,9567756.927242659
2025-04-13,92908448.52087009,46454.22426043505,17241863.70171778
2025-04-14,127931211.17473994,63965.60558736997,17943852.172916938
2025-04-15,62091652.67284431,31045.826336422157,17780823.079805832
2025-04-16,67879105.28993925,33939.552644969626,18296288.92386851
2025-04-17,54403824.18160147,27201.912090800735,18392693.65149164
2025-04-18,19008012.132522423,9504.006066261212,18409043.704868052
2025-04-19,21981775.743334677,10990.887871667339,19767465.160229586
2025-04-20,11869160.692642856,5934.580346321428,12058153.126297211
2025-04-21,17203947.348597616,8601.973674298808,14511073.272181278
2025-04-22,49084277.54589374,24542.138772946873,17015588.706510566
2025-04-23,68773559.5665823,34386.77978329115,18042794.292506658
2025-04-24,47580674.96441215,23790.337482206076,18258910.916273233
2025-04-25,28062785.735587377,14031.39286779369,18473177.37716493
2025-04-26,10621415.789573653,5310.707894786826,21122383.115080576
2025-04-27,23460617.06761517,11730.308533807585,20331241.00894781
2025-04-28,39688509.058590055,19844.254529295027,20434326.427617356
2025-04-29,22051765.746522494,11025.882873261246,46463817.18632016
2025-04-30,36974932.25143387,18487.466125716935,20537196.464472275
2025-05-01,14086272.131759694,7043.136065879847,20463291.26506909
2025-05-02,11334245.357200082,5667.122678600042,14516147.083369143
2025-05-03,6837597.757360417,3418.798878680209,14482562.568800388
2025-05-04,8661044.908854306,4330.522454427152,14344489.08480431
2025-05-05,13418958.7874721,6709.479393736051,14112797.347515764
2025-05-06,12437340.047892755,6218.670023946377,13985128.830748042
2025-05-07,15636457.295592405,7818.2286477962025,13881992.007869363
2025-05-08,12012976.888248643,6006.488444124322,12717044.908182148
2025-05-09,20982392.722024437,10491.19636101222,17276285.671121504
2025-05-10,21675415.196378,10837.707598189,17589014.704761736
2025-05-11,24692944.867370266,12346.472433685132,17828356.722797386
2025-05-12,42187408.90164327,21093.704450821635,17252418.536043063
2025-05-13,37034069.4644662,18517.0347322331,17676803.228992857
2025-05-14,21143622.906860568,10571.811453430284,17967000.47638294
2025-05-15,32353305.35187567,16176.652675937836,18509520.332184464
2025-05-16,21959265.956322696,10979.63297816135,18492344.802428328
2025-05-17,11003780.89275625,5501.8904463781255,18479868.910650317
2025-05-18,27450598.594605334,13725.299297302667,18432435.93222898
2025-05-19,44275105.54441026,22137.55277220513,17880883.68585389
2025-05-20,35814673.835068755,17907.336917534376,18056304.005076203
2025-05-21,67941382.18430889,33970.69109215445,18248591.680648115
2025-05-22,15651285.605219739,7825.642802609869,22640160.405361004
2025-05-23,47291258.51075794,23645.629255378968,22016391.39060052
2025-05-24,26582037.281494536,13291.018640747267,23187291.362328354
2025-05-25,25966338.39000193,12983.169195000966,23298598.217170358
2025-05-26,22669643.90383066,11334.82195191533,22640270.910175405
2025-05-27,29139332.914397743,14569.666457198871,22369157.158482615
2025-05-28,23003650.728679962,11501.825364339982,18593267.977491036
2025-05-29,41661174.1678262,20830.5870839131,19202111.41371165
2025-05-30,44063811.793095864,22031.905896547934,18961597.39230891
2025-05-31,21080923.427499797,10540.461713749899,18803767.50376007
2025-06-01,13324855.26644542,6662.42763322271,19024058.183107708
2025-06-02,23407858.645852707,11703.929322926355,19419890.31044394
2025-06-03,23256590.85555853,11628.295427779265,19038098.845816966
2025-06-04,15541238.935192952,7770.619467596476,19219101.68418491
2025-06-05,61037119.84353273,30518.55992176637,18886698.412051957
2025-06-06,23158285.06321343,11579.142531606714,18783054.16821469
2025-06-07,11800727.504244847,5900.363752122424,18705956.71933408
2025-06-08,13030757.843083186,6515.378921541593,18929718.37921903
2025-06-09,29445290.16489391,14722.645082446956,18901529.088745214
2025-06-10,28070280.34835957,14035.140174179784,19485352.558681082
2025-06-11,20675806.281739775,10337.903140869888,18792539.837222345
2025-06-12,27971226.15549602,13985.61307774801,18624697.67927097
2025-06-13,50536065.357480824,25268.032678740412,18407359.71724001
2025-06-14,10772691.345230922,5386.345672615461,18185547.66328673
2025-06-15,13005317.769698156,6502.658884849078,18330278.531378344
2025-06-16,39414908.17389712,19707.45408694856,21106292.13546816
2025-06-17,41384560.29063753,20692.280145318764,20876741.906191457
2025-06-18,37230796.230807506,18615.398115403754,21114359.43459124
2025-06-19,19118689.62334111,9559.344811670553,21331715.18327477
2025-06-20,40839230.91358521,20419.615456792606,21165543.495820425
2025-06-21,46007528.01256942,23003.76400628471,20760803.33911311
2025-06-22,78851718.32239063,39425.859161195316,23055805.800769176
2025-06-23,79302201.984084,39651.100992042,24503028.08830344
2025-06-24,32820425.812560298,16410.21290628015,26251770.29653174
2025-06-25,33630447.27972357,16815.223639861786,26623610.681732975
2025-06-26,27868579.50144192,13934.28975072096,22863292.724416662
2025-06-27,19571472.330828756,9785.736165414379,23240349.40024348
2025-06-28,4330255.234400069,2165.1276172000344,23248812.581734426
2025-06-29,10609267.345102768,5304.633672551385,23439284.590689417
2025-06-30,17875193.874253742,8937.596937126871,21976230.699258868
2025-07-01,18775807.463895254,9387.903731947628,22659072.313214593
2025-07-02,23910003.19219159,11955.001596095795,23343817.16562972
2025-07-03,24142798.84020536,12071.39942010268,23416745.414908215
2025-07-04,19176815.79446573,9588.407897232864,23792716.381755847
2025-07-05,7380476.658466786,3690.238329233393,23702596.213356253
2025-07-06,13125885.926100371,6562.942963050185,23741709.523343515
2025-07-07,18395204.684712186,9197.602342356093,23678914.26572012
2025-07-08,17016694.493425727,8508.347246712863,23848642.57175898
2025-07-09,16172788.964525562,8086.394482262781,23466863.675881337
2025-07-10,16596088.965105413,8298.044482552707,26312822.569356702
2025-07-11,15622895.78989754,7811.44789494877,25077617.015595637
2025-07-12,4767049.495983397,2383.5247479916984,24845726.036913205
2025-07-13,5967216.970530832,2983.608485265416,24865204.484660745
2025-07-14,19106433.273343332,9553.216636671666,16873973.458101027
2025-07-15,18133970.425785523,9066.985212892761,13284915.054645585
2025-07-16,10179027.048385302,5089.513524192651,13970749.562542988
2025-07-17,9701010.655738672,4850.505327869336,14674177.097028831
2025-07-18,9463502.181486815,4731.751090743408,13741929.400140261
2025-07-19,2590254.50588398,1295.12725294199,18857836.472486187
2025-07-20,16548116.42630089,8274.058213150445,18798350.24324462
2025-07-21,20460502.328980923,10230.25116449046,18892444.518077023
2025-07-22,6911194.861497786,3455.5974307488927,13881814.95430374
2025-07-23,4763602.711781876,2381.801355890938,13811522.465345083
2025-07-24,4260459.261464953,2130.229630732477,13832598.600253332
2025-07-25,7316478.475563644,3658.2392377818223,13661630.655737126
2025-07-26,1391207.6705768255,695.6038352884127,13691345.408217601
2025-07-27,2754122.170156978,1377.061085078489,14163502.232049348
2025-07-28,4482057.443847085,2241.028721923543,14039231.973162958
2025-07-29,3861688.108146517,1930.8440540732586,13948409.8565192
2025-07-30,3902731.906264622,1951.3659531323112,13668935.387477428
2025-07-31,3049495.269952224,1524.7476349761118,13534327.837735992
2025-08-01,9067498.256221939,4533.74912811097,12800181.325176394
2025-08-02,5367691.708354599,2683.8458541772993,12667495.472862773
2025-08-03,2554364.949310857,1277.1824746554282,12885840.176788619
2025-08-04,4208931.450790557,2104.4657253952782,13052970.121149464
2025-08-05,5499178.959952874,2749.5894799764374,12754837.175682073
2025-08-06,3145024.898491893,1572.5124492459465,12873245.312713347
2025-08-07,3160105.6357361097,1580.052817868055,12977194.972719977
2025-08-08,2423808.752468071,1211.9043762340355,13372758.024343925
2025-08-09,3937826.098458563,1968.9130492292813,13242805.150006706
2025-08-10,3527770.8025090615,1763.885401254531,13779438.327146329
2025-08-11,6263886.389385473,3131.9431946927366,13451313.566519108
2025-08-12,5372021.655758638,2686.010827879319,13963588.532601546
2025-08-13,4884883.943127427,2442.441971563713,13634239.815538151
2025-08-14,6147843.863004004,3073.921931502002,13472508.327268483
2025-08-15,4958824.76312047,2479.4123815602347,13472687.725703768
2025-08-16,1782289.7732792143,891.1448866396072,13306092.884714443
2025-08-17,1422374.836325411,711.1874181627055,13299267.586887963
2025-08-18,8656019.375896752,4328.009687948375,12916564.58327633
2025-08-19,7328367.227776393,3664.1836138881968,12662740.20904828
2025-08-20,7763267.613646237,3881.6338068231184,12812255.2283101
2025-08-21,4917547.259990453,2458.773629995226,12659033.780299637
2025-08-22,11144521.789624484,5572.260894812242,13663285.625768565
2025-08-23,2704755.758209958,1352.3778791049792,13264331.24169067
2025-08-24,7190242.929774393,3595.1214648871965,12795725.828579674
2025-08-25,11194202.117281377,5597.101058640688,12620546.770797832
2025-08-26,6664553.544064102,3332.2767720320508,12284429.873236557
2025-08-27,5221011.992954748,2610.505996477374,12785972.374017691
2025-08-28,3826427.0507265828,1913.2135253632914,12883801.661963196
2025-08-29,6307329.307337548,3153.6646536687736,11834220.361763258
2025-08-30,1042140.666288515,521.0703331442575,11848032.304545466
2025-08-31,1002239.1963710296,501.1195981855148,11779995.420395553
2025-09-01,2577875.992795512,1288.937996397756,11810524.619381115
2025-09-02,4091225.2022366184,2045.6126011183092,12005871.612650124
2025-09-03,2166764.6887465394,1083.3823443732697,12017279.50447466
2025-09-04,2783086.0445538647,1391.5430222769323,11925481.967950923
2025-09-05,3039415.836605615,1519.7079183028077,11944960.874348197
2025-09-06,895619.0220029443,447.8095110014722,11947095.3472698
2025-09-07,734627.5287940374,367.3137643970187,12022262.792923836
2025-09-08,1530774.1062948995,765.3870531474497,12048299.683858825
2025-09-09,1593685.5910267218,796.8427955133609,12012929.3052472
2025-09-10,1602572.1514838296,801.2860757419148,12177071.14823152
2025-09-11,1630428.3186550685,815.2141593275343,12284185.766243434
2025-09-12,2444460.0768787432,1222.2300384393716,12282621.791959243
2025-09-13,664525.2632285852,332.2626316142926,12321497.605141988
